Text,Sentiment
numbness set weight loneliness grows heavier,negative
euphoria live music concert star,positive
midst soccer match unexpected goal creates moment despair player teammate console encourage,negative
excitement building surprise birthday party,neutral
The result was disappointing,negative
sailing azure water maldives wave whisper serenity paradise,positive
lost labyrinth thought confusion casting shadow quest clarity,negative
weightlifter failed attempt personal record result frustration highlighting challenging nature pushing physical limit,negative
melancholy companion painting canvas life brushstrokes wistful yearning,negative
The result was disappointing,negative
I really dislike this,negative
gymnast unexpected fall routine spark wave sympathy audience highlighting vulnerability sport,neutral
enthusiasm new artistic project work,positive
disappointed service local restaurant,negative
The food was delicious,positive
celebrating friend birthday tonight,neutral
anxiety grip chest relentless grip thought,negative
weekend road trip explore scenic view,neutral
harmony resonates musician play melody unity togetherness,neutral
fear unknown keeping night,negative
The event was unpleasant,negative
compassion shown act kindness community,positive
This made my day,positive
surprise visit old friend brought tear joy,neutral
arousal excitement upcoming festival,neutral
overwhelmed support received personal challenge,neutral
devastated storm betrayal wreckage trust scattered like debris heart torn wind broken promise,negative
contentment simplicity home cooked meal,positive
The event was amazing,positive
skiing slope swiss alp turn dance majesty snow capped peak,neutral
I regret my decision,negative
tenderness heartfelt message loved one,positive
feeling sense emptiness close friend move away farewell always sad,negative
embracing beauty imperfection finding acceptance mosaic life unpredictable art,neutral
carnival emotion rollercoaster thrill sends heart wild ride,positive
euphoria flood final puzzle piece fit perfectly,positive
boredom lingers stagnant pool indifference,negative
anticipating thrilling adventure coming week,neutral
realm fashion designer unveils collection tell story blending innovation tradition runway creativity,neutral
tapestry despair thread hope unravel leaving portrait sorrow,negative
tear currency grief spent marketplace lost love longing,negative
The news made me sad,negative
feeling bit weather today,neutral
pride achieving personal milestone career progression,positive
successfully avoided eye contact crush hallway mission accomplished teencrush stealthmode,positive
gratitude supportive community around,positive
midst soccer match unexpected goal creates moment despair player teammate console encourage,negative
decided learn new instrument day one still trying figure hold musicnovice learningjourney,neutral
walking great wall china step testament ancient engineering marvel,neutral
awe struck breathtaking sunrise mountain,positive
adopted cute furry friend,neutral
caught latest fashion trend planning shopping spree fashionista trendyteen,neutral
whisper lost love linger attic heart forgotten not erased,neutral
I am disappointed with the result,negative
shattered echo shattered dream fragment hope scattered,negative
bitter experience customer service department,negative
I am upset with the service,negative
organized community painting event turning blank canvas masterpiece shared creativity paintingevent seniorartist,neutral
amidst page captivating mystery novel reader unravels clue secret experiencing thrilling journey suspense revelation,neutral
The weather is cloudy today,neutral
wandering desert loneliness step heavy sigh mirage connection shimmering never materializing,negative
curiosity driving exploration unknown seeker knowledge uncharted territory,neutral
witnessing record breaking marathon spectator filled awe admiration endurance dedication runner,positive
riding adrenaline rush rollercoaster wild twist,neutral
The project ended in failure,negative
encountered mean spirited comment online dealing online hate never easy,negative
inspired resilience lone tree standing tall storm,positive
hosted memory lane evening old friend reminiscing adventure shaped life memorylane seniorreminiscing,neutral
realm literature captivating novel transport reader distant land weaving tapestry imagination escape,neutral
exploring city hidden gem,neutral
feeling sense fulfillment helping others,positive
attending school talent show support classmate applauding diverse talent display,neutral
like comet inspiration streaking sky creativity leaving trail brilliance,positive
The lecture discussed machine learning,neutral
loneliness echo empty space yearning connection,negative
coding new project enthusiasm,positive
planning garden makeover spring,neutral
exploring new hobby photography free time capturing moment lens,neutral
midst soccer match unexpected goal creates moment despair player teammate console encourage,negative
feeling accomplished productive day,positive
political discussion heating timeline,neutral
survived challenging physic exam equation not defeat,negative
The assignment is due next week,neutral
This ruined my day,negative
rediscovered joy cooking traditional family recipe kitchen place cherished memory familyrecipes seniorcooking,positive
laughter echo air chorus happiness lift spirit higher,positive
navigating labyrinth thought confusion constant companion maze idea,neutral
The meeting starts at five today,neutral
soul adrift sea solitude wave loneliness crashing relentlessly,negative
michael jackson tribute show moonwalking hit celebration king pop,neutral
complex puzzle life leaf state perpetual confusion seeking answer chaos,neutral
discovered new book series spent whole night reading need sleep anyway bookwormlife latenightreading,neutral
overflowing joy cup laughter shared friend moment cherished,positive
I loved every moment,positive
garden contentment bloom whisper tale inner peace joy,positive
exploring new part time job opportunity gaining work experience career development progress,neutral
survived challenging physic exam equation not defeat,negative
The failure was frustrating,negative
crowd taylor swift concert lyric love story create enchanting fairy tale,positive
enthusiasm new artistic project work,positive
bonding friend latest k pop sensation fangirling finest,neutral
cricket championship nail biting finish leaf fan edge seat experiencing rollercoaster emotion,neutral
drifting day air nonchalance indifferent triviality life,neutral
crafting intricate friendship bracelet whole squad friendship level expert weaver,neutral
contentment midst family gathering filled laughter,positive
haunted regret ghost past lingers relentlessly,negative
navigating sea hope sailing towards sunrise possibility confident ship positive anticipation,positive
envious eye fixated gilded prize heartache fueled painful desire possession seem forever reach,negative
navigating sea hope sailing towards sunrise possibility confident ship positive anticipation,positive
This experience was awful,negative
feeling sense fulfillment reaching milestone,positive
feeling accomplished productive day,positive
The experience was wonderful,positive
excitement weekend road trip explore new place,neutral
feeling grateful little thing life,positive
chasing dream like kite soaring high vast open sky,neutral
amused antic playful kitten playtime,positive
successfully avoided eye contact crush hallway mission accomplished teencrush stealthmode,positive
drowning abyss despair heart shattered fragment lost echoing silence hopelessness,negative
enthusiasm new artistic project work,positive
empowerment mentoring guiding others,neutral
resentment fester wound refuse heal,negative
fearful whisper dark mind haunted specter unknown shadow dancing rhythm anxiety tune,negative
dismissive gesture curtain drawn shield vulnerability stage emotion take backseat performance indifference,neutral
basking glow accomplishment milestone stepping stone happiness,positive
wasteland lost trust echo broken promise reverberate,negative
facing rejection dream college disheartened determined explore path,negative
gratitude supportive community around,positive
creating secret handshake friend friendship level expert,neutral
traffic terrible morning,negative
serene beauty sunset nature unfolds canvas color evoking sense tranquility wonder,neutral
inspiration strike observing color vibrant sunset,positive
leafing page old photo album nostalgia weaving tale laughter tear,neutral
I feel nervous and worried,negative
finished amazing workout,positive
lost labyrinth thought confusion casting shadow quest clarity,negative
wave crash shore surfer embrace thrill riding ocean energy capturing essence freedom wave,positive
pride achieving personal milestone,positive
embrace grand canyon nature masterpiece moment marvel earth grandeur,neutral
This was a horrible mistake,negative
caught torrential rainstorm without umbrella today weather bad luck,negative
regret missed opportunity haunt thought,negative
This made me smile,positive
The bus arrived this morning,neutral
symphony laughter note key unlocking door boundless happiness,positive
weightlifter failed attempt personal record result frustration highlighting challenging nature pushing physical limit,negative
gratitude small joy day brings,positive
fearful eye scanning shadow prisoner night terrorized lurking monster born mind darkest corner,negative
I received an email this morning,neutral
wrapped cloak emotional numbness shield storm life turbulence,negative
disgust sight injustice cruelty,negative
gratitude support received tough time,positive
sunday brunch friend,neutral
spellbound elegance ballroom dance crystal chandelier,neutral
spotlight lady gaga show costume change metamorphosis creativity artistry,neutral
torn apart grief echo loss reverberate soul,negative
bitterness festering like venomous vine entwining soul web resentment poisoning garden peace,negative
I am learning about computer networks,neutral
floating day air indifference detached mundane happening around,neutral
got flat tire way important meeting talk series bad event,negative
spent day binge watching new series productivity level zero lazyday tvseriesmarathon,neutral
planning surprise scavenger hunt friend anticipating thrill excitement,positive
experiencing awe breathtaking sunset,positive
reflecting importance mental health,neutral
soaring wing free spirit unburdened chain conformity painting sky independence,neutral
I am checking today's schedule,neutral
jealousy festering wound pain intensifying glance garden others achievement blooming beyond fence,negative
soul crushing disappointment hope shattered like fragile glass,negative
captivated spellbinding plot twist audience applauds experiencing rollercoaster emotion movie premiere,positive
watching heartwarming family drama tear flow freely character overcome challenge leaving viewer warm glow,neutral
trying new recipe dinner tonight,neutral
The interview is scheduled for Monday,neutral
loneliness crowded room silent cry connection,negative
embarking gondola ride venice canal reflecting romance timeless city,neutral
attended concert danced night away music heartbeat life concertvibes danceallnight,neutral
feeling empowered conquering challenging hiking trail,positive
published new blog post check,neutral
attended wine tasting event savoring richness flavor age like fine wine cheer golden year winetasting seniorwinelover,positive
This problem is causing stress,negative
I am worried about everything,negative
shattered dream lie floor like fragment glass mosaic disappointment crafted hand frustration,negative
hopeful prospect new business venture,neutral
loneliness crowded room silent cry connection,negative
euphoria surprise birthday celebration,positive
hopeful possibility new journey,neutral
taking stroll garden appreciating beauty blooming flower nature wonder never cease gardenwalk floralbeauty,neutral
sinking despair day darker last,negative
weightlifter failed attempt personal record result frustration highlighting challenging nature pushing physical limit,negative
amusing incident brightened day,neutral
I am angry about this,negative
shattered dream lie floor like fragment glass mosaic disappointment crafted hand frustration,negative
spontaneously booked weekend getaway adventure awaits travelbug weekendescape,neutral
intrigued symphony color abstract art exhibition,neutral
engulfed aroma freshly brewed coffee writer find inspiration every sip embarking journey creativity prose,positive
drenched nostalgia flipping old family photo album,neutral
I feel miserable today,negative
euphoria flood final puzzle piece fit perfectly,positive
The project meeting is tomorrow,neutral
happiness bloom like flower garden sunny day,positive
dismissive glance fortress built indifference wall impenetrable plea understanding recognition,neutral
optimism bright future amidst challenging time,positive
exploring historical architecture ancient city traveler transported bygone era monument whisper tale past,neutral
I feel peaceful and content,positive
wandering maze betrayal wall closing every wrong turn,negative
justin bieber concert infectious beat baby create dance floor unbridled enthusiasm,positive
empowerment learning personal growth,neutral
amidst bustling city quiet caf becomes sanctuary reflection cup coffee brings solace wandering mind,neutral
I feel motivated and inspired,positive
My friends made me happy,positive
revisiting old memory feeling sense elation,positive
I bought a new notebook,neutral
mosh pit metallica concert thunderous chord create symphony headbanging ecstasy,neutral
nostalgia hit flipping old photo album,neutral
giddy excitement first snowflake dance sky,positive
midst cycling race tire blowout lead frustration cyclist valiantly try overcome unexpected obstacle,neutral
garden broken dream petal fall silent testimony shattered hope,neutral
mastering art perfect doodle boring class doodle,neutral
witnessed heated argument cafeteria unpleasant atmosphere lunch,negative
regret missed opportunity haunt thought,negative
The train arrives at six,neutral
lost symphony night moonlit serenade whisper tale wanderlust moonlit dream,negative
starting new fitness challenge tomorrow,neutral
anticipation upcoming adventure exotic destination,neutral
numb chaos emotion locked away stoic facade concealing inner turmoil,negative
fearful whisper dark mind haunted specter unknown shadow dancing rhythm anxiety tune,negative
I am pleased with everything,positive
connecting melody live orchestra music enthusiast experience symphony resonates deep within soul,neutral
achieving personal best track field competition thrill victory self improvement,positive
capturing beauty nature photography every snapshot treasure naturephotography seniorphotographer,neutral
journey past flipping page old diary nostalgia taking lead,neutral
I am organizing my files,neutral
suffocating silence solitude echo laughter thrived,positive
heart new york city time square dazzle light vibrant spectacle urban energy,neutral
bitterness like poison seeping every crevice wounded heart,negative
I feel frustrated and angry,negative
binge watching thrilling crime series suspense keep viewer edge seat creating rush adrenaline,neutral
embarked hiking adventure conquering trail relishing beauty nature age number mountaintop hikingadventure seniorhiker,neutral
darkness descends engulfing soul shadow despair,negative
feeling sense despair major project failure hard work not pay time,negative
excitement build preparing surprise celebration,neutral
relishing peaceful afternoon classic novel quiet moment best moment booklover peacefulafternoon,positive
gazing sunset melancholic longing moment slip finger time,neutral
participating science fair showcase unique experiment sharing knowledge peer,neutral
embarking culinary odyssey savoring flavor around world,neutral
I watched a documentary about history,neutral
overwhelmed maze expectation minotaur pressure lurking labyrinth waiting devour spirit resilience,neutral
rocking guitar solo queen tribute concert journey back time freddie spirit,neutral
embracing life imperfection finding acceptance journey scar,neutral
tenderness heartfelt message loved one,positive
appreciation vibrant culture experienced travel,neutral
soaring like free spirit wind coastal cliff,neutral
This project was a great success,positive
engulfed aroma freshly brewed coffee writer find inspiration every sip embarking journey creativity prose,positive
lost symphony night moonlit serenade whisper tale wanderlust moonlit dream,negative
This achievement made me proud,positive
state world environment disgusting,negative
painful echo love cherished lost abyss time,negative
I feel frustrated and angry,negative
quality time family weekend,neutral
elation achieving personal goal,positive
curiosity awakened mystery ancient archaeological site,neutral
dancing shakira rhythmic beat hip swaying hypnotic charm hip not lie,neutral
avoiding thorn regret walking barefoot path remorse,negative
frustration escalates thunderstorm emotion,neutral
entered kitchen intention cook left bag chip cooking overrated anyway masterchefintraining teenhumor,neutral
echo solitude silent conversation soul shadow,neutral
I absolutely love this experience,positive
winning friendly sport competition rival school victory celebration full swing,positive
This is the best day ever,positive
melancholy whisper breeze silent conversation echo forgotten dream,negative
whimsical delight world whimsical fairy tale,positive
audience jay z performance lyric empire state mind become anthem pride,positive
heartfelt sadness bidding farewell dear friend,negative
fearful whisper dark mind haunted specter unknown shadow dancing rhythm anxiety tune,negative
basking glow accomplishment milestone stepping stone happiness,positive
experiencing series loss basketball season team grapple frustration determined turn tide renewed effort,neutral
draped warmth kindness quilt compassion stitched love,positive
I love this place,positive
overwhelmed grief missing loved one dearly,negative
like comet inspiration streaking sky creativity leaving trail brilliance,positive
The result was disappointing,negative
oscar actor graciously accepts award radiating joy gratitude recognition outstanding performance,positive
embracing thrill speed rollercoaster exhilarating twist,positive
loneliness echo empty space yearning connection,negative
fearful whisper dark mind haunted specter unknown shadow dancing rhythm anxiety tune,negative
participated charity run proving age no barrier supporting meaningful cause charityrun seniorrunner,neutral
new painting progress,neutral
sinking like stone ocean heartbreak ripple sigh despair,negative
This made me sad,negative
I had a horrible experience,negative
nostalgia bittersweet dance moonlit ballroom cherished memory,neutral
heartbroken hearing news natural disaster,negative
I am reading the instructions,neutral
successfully avoided eye contact crush hallway mission accomplished teencrush stealthmode,positive
serenity found melody peaceful piano,positive
successfully completing challenging coding project excitement overcoming coding hurdle,neutral
ran snack movie marathon crisis level emergency movienightstruggles teenproblems,negative
I am deeply disappointed,negative
I am afraid of what will happen,negative
curiosity leading rabbit hole knowledge perpetual student life classroom,neutral
charting course wave hopeful anticipation sailor steering towards shore dream yet unexplored,neutral
sinking like stone ocean heartbreak ripple sigh despair,negative
I had an awesome weekend,positive
attending school club meeting explore new interest dabbling extracurricular activity,neutral
heartfelt gratitude laughter shared family reunion,positive
boredom settle like dust life feel mundane,negative
This made me sad,negative
This situation makes me unhappy,negative
rocking gun n rose show iconic riff sweet child mine echoing night,neutral
carnival emotion rollercoaster thrill sends heart wild ride,positive
resentment fester wound refuse heal,negative
pride achieving personal milestone career progression,positive
exploring local art gallery weekend,neutral
The result was disappointing,negative
The result was disappointing,negative
sending affectionate vibe follower,neutral
heartfelt sadness bidding farewell dear friend,negative
joined drama club unleash inner actor light camera action,neutral
suffering despair another setback,negative
seeking serenity melody raindrop tranquil escape noise everyday life,positive
bought new video game played hour forgot eat ultimate gaming session gamerlife nofoodgaming,neutral
participated local theater production proving stage belongs every age theaterproduction senioractor,neutral
midst soccer match unexpected goal creates moment despair player teammate console encourage,negative
joyful laughter resonates lively summer carnival,positive
ambivalence air caught crossroad conflicting emotion decision,neutral
reflecting beauty nature,neutral
I am frustrated with this problem,negative
I am reviewing the project data,neutral
movie credit roll viewer experience mix awe contemplation pondering deeper meaning woven storyline,positive
enthusiasm creative project making,positive
feeling sense emptiness close friend move away farewell always sad,negative
creating beautiful mural fellow art enthusiast power collaboration creativity,positive
I had a great experience,positive
This project was a great success,positive
started blog sharing wisdom gained year proving every day chance learn grow seniorwisdom blog,neutral
bad hair day feeling self conscious bad hair day affect confidence,negative
admiration intricate detail handcrafted masterpiece,positive
sending affectionate vibe friend family,neutral
immersed state emotional numbness shield storm daily struggle,negative
shattered betrayal trust crumbles like fragile glass,negative
lost vast sea information indifferent wave digital ocean,negative
painful echo love cherished lost abyss time,negative
I am attending a workshop,neutral
witnessing record breaking marathon spectator filled awe admiration endurance dedication runner,positive
torn apart grief echo loss reverberate soul,negative
shattered dream lie floor like fragment glass mosaic disappointment crafted hand frustration,negative
The application uses a database,neutral
captivated ethereal beauty field filled firefly,positive
tapestry despair thread hope unravel leaving portrait sorrow,negative
confidence soar overcoming public speaking anxiety,neutral
admiring beauty nature peaceful hike,positive
I feel optimistic today,positive
winter sport day local park,neutral
ambivalence clouding decision caught crossroad conflicting emotion,neutral
playfully juggling responsibility circus performer balancing act work joy tossing laughter air,positive
anxiety grip chest relentless grip thought,negative
sending love follower beautiful day,positive
fiery determination burning within fueled vision reaching unparalleled height,neutral
finished challenging workout routine,neutral
feeling bitter unfairness workplace,negative
This was a horrible mistake,negative
pride achieving personal milestone career progression,positive
symphony laughter note key unlocking door boundless happiness,positive
spent hour choosing perfect filter selfie struggle instagram aesthetic real selfiequeen teenvibes,negative
feeling not making sport team disappointment lingers,negative
attended vintage car show reminiscing classic ruled road nostalgia every rev vintagecars classicrides,neutral
I am waiting for the train,neutral
flipping page old yearbook nostalgia painting smile tear face,negative
numbness set weight loneliness grows heavier,negative
joined senior astronomy club stargazing finding wonder vastness cosmos astronomyclub seniorstargazer,neutral
The result was disappointing,negative
laughter echo air chorus happiness lift spirit higher,positive
lost labyrinth thought confusion casting shadow quest clarity,negative
attended classical music concert feeling timeless melody resonate music transcends generation classicalmusic timelessmelodies,neutral
contentment embrace loved one,positive
awe struck beauty night sky,positive
moment tenderness connecting loved one,positive
compassionate rain tear empathy falling gently nurturing seed kindness garden human connection,neutral
The office closes at six,neutral
tear fall like raindrop mourning end cherished friendship,negative
The news made me sad,negative
hosted family dinner laughter echoed louder clinking utensil family heart happiness familydinner seniorhost,positive
haunted specter lost possibility ghost refuse fade away,negative
wrapped cloak emotional numbness shield storm life turbulence,negative
spent hour perfecting chemistry experiment mixing potion like wizard,neutral
emotional storm whirlwind sadness engulfs every thought,negative
The event was amazing,positive
practicing mindfulness meditation,neutral
I feel peaceful and content,positive
yearning touch not echo distant warmth haunting heart cold embrace solitude,positive
immersed state emotional numbness shield storm daily struggle,negative
swaying reggae vibe bob marley tribute concert chord journey jamaica soul,neutral
I love this place,positive
embarking journey learning new language mind stay young every new word languagelearning nevertoolate,neutral
haunted specter lost possibility ghost refuse fade away,negative
olympics athlete perseverance shine earning gold medal inspiring generation remarkable achievement,positive
fulfillment completing challenging workout routine,positive
whisper inspiration rustling leaf serene forest,positive
reflecting beauty diversity world,neutral
heartbroken hearing news natural disaster,negative
exploring art meditation finding tranquility stillness mind meditationjourney tranquilmind,neutral
reflecting challenge school year feeling bit overwhelmed assignment,neutral
tenderness quiet moment shared pet,positive
sinking like stone ocean heartbreak ripple sigh despair,negative
overwhelmed grief missing loved one dearly,negative
experiencing awe breathtaking sunset,positive
bitterness like poison seeping every crevice wounded heart,negative
hopeful potential personal growth,neutral
cooking special dinner loved one,neutral
surrounded vibrant color flower garden gardener nurture blossom finding joy beauty nature ever changing canvas,positive
participating multicultural festival celebrating diversity music dance delicious food,neutral
I feel frustrated and angry,negative
capturing essence bustling market photographer freeze moment time frame telling unique vibrant story,neutral
dancing star beyonc live show feeling power single lady every move,neutral
The file contains project information,neutral
tapestry conflicting feeling weaving uncertainty caught thread ambivalence,neutral
received not great grade major project academic frustration setting,neutral
exploring ancient ruin angkor wat stone whispering story khmer civilization,negative
feeling not making sport team disappointment lingers,negative
I feel angry and frustrated,negative
desperation whisper silent plea glimmer hope abyss,neutral
numbness set weight loneliness grows heavier,negative
feeling empowered conquering challenging hiking trail,positive
savoring warmth cup cocoa chilly winter evening,positive
first snowflake descends winter enthusiast eagerly prepares season frosty delight anticipating magic snow covered landscape,positive
spent hour tiktok dance realize two left foot dance fail unleashed,neutral
enjoying cup tea watching sunset,neutral
dazzled elegance masquerade ball dazzling costume,positive
midst amazon rainforest symphony wildlife creates orchestra nature wonder,neutral
experiencing hate comment expressing personal opinion online negativity prevails,negative
despair like heavy fog enveloping every thought blurring path ahead journey labyrinth utter hopelessness,negative
numbness settle shield overwhelming emotion life throw way,negative
embrace autumn breeze leaf ambivalence dancing waltz choice uncertainty,neutral
finding calmness amidst chaos daily life,neutral
captivated spellbinding plot twist audience applauds experiencing rollercoaster emotion movie premiere,positive
caught torrential rainstorm without umbrella today weather bad luck,negative
melancholy lingers bittersweet serenade quietude solitude,negative
whimsical delight world whimsical fairy tale,positive
The document has ten pages,neutral
overflowing joy cup laughter shared friend moment cherished,positive
bitterness bitter aftertaste lingering tongue word reminder wound refuse heal passing time,negative
feeling sense fear watching thriller movie,negative
playfully juggling responsibility circus performer balancing act work joy tossing laughter air,positive
accidentally spilled paint art class abstract art right artclassadventures highschoolartist,neutral
I am deeply disappointed,negative
I really dislike this,negative
moment shame not standing injustice,neutral
boredom settle like dust life feel mundane,negative
despite meticulous training swimmer face disappointment split second miscalculation cost lead crucial race,negative
enthusiasm diy home improvement project,positive
attending virtual conference ai,neutral
This made me sad,negative
sorrowful echo symphony pain played string loss,negative
elation surprise reunion old friend,positive
The service was terrible,negative
jealousy festering wound pain intensifying glance garden others achievement blooming beyond fence,negative
yearning warmth vanished sun heartache painted hue sunset never graced horizon,positive
feeling sense fear watching thriller movie,negative
I feel terrible today,negative
ruin hope echo shattered dream whisper tale loss,negative
justin bieber concert infectious beat baby create dance floor unbridled enthusiasm,positive
captivated serenity tranquil garden full bloom,positive
I feel calm and happy,positive
rediscovered childhood cartoon nostalgia filled marathon cartoonnostalgia teenmemories,neutral
joined community choir harmonizing fellow voice music creates bond withstand time communitychoir harmonyinaging,neutral
bitter experience customer service department,negative
This was a painful experience,negative
enthusiasm diy home improvement project,positive
The service was terrible,negative
weightlifter failed attempt personal record result frustration highlighting challenging nature pushing physical limit,negative
sipping favorite vintage wine sip telling story year gone cheer life well lived winelover vintagecheers,positive
gratitude support received tough time,positive
heartfelt sadness bidding farewell dear friend,negative
admiration intricate detail handcrafted masterpiece,positive
sinking like stone ocean heartbreak ripple sigh despair,negative
hosted photography exhibition featuring snapshot life well lived every photo story tell photographyexhibition seniorphotographer,neutral
sending love follower beautiful day,positive
ruin hope echo shattered dream whisper tale loss,negative
serenity found stillness nature tranquil retreat chaos modern world,positive
accidentally sent text meant friend class group chat texting fail oops moment,neutral
experiencing magic coldplay concert fix becomes beacon hope night,positive
contentment simplicity quiet sunday,positive
apprehensive whisper wind forecast uncertainty mind weather vane spinning wildly storm doubt,neutral
lost symphony night moonlit serenade whisper tale wanderlust moonlit dream,negative
whimsical delight world whimsical fairy tale,positive
nostalgic memory flood revisiting childhood favorite,neutral
unveiling layer curiosity labyrinth question leading treasure trove undiscovered knowledge,neutral
reflecting past looking ahead,neutral
trying new dessert recipe,neutral
ran snack movie marathon crisis level emergency movienightstruggles teenproblems,negative
empowerment learning new skill,neutral
surprise gift friend made day,neutral
navigating challenge determination,neutral
The class begins after lunch,neutral
feeling sense emptiness close friend move away farewell always sad,negative
This was a horrible mistake,negative
elation discovering hidden gem city,positive
The movie was excellent and enjoyable,positive
fearful eye scanning shadow prisoner night terrorized lurking monster born mind darkest corner,negative
film festival indie filmmaker creation receives standing ovation evoking pride sense accomplishment,positive
drowning abyss despair heart shattered fragment lost echoing silence hopelessness,negative
The result is excellent,positive
I feel helpless right now,negative
marveling kaleidoscope color vibrant street market,neutral
series defeat soccer team face disappointment struggling find silver lining challenging season,negative
amazed architectural marvel petra stone telling tale ancient civilization,neutral
frustration mount obstacle block path,neutral
whimsical delight world whimsical fairy tale,positive
pride achieving personal milestone career progression,positive
achieving personal best track field competition thrill victory self improvement,positive
devastated revelation betrayal trust shattered like fragile glass leaving shard pain wake,negative
shattered betrayal trust crumbles like fragile glass,negative
reverence beauty historic landmark,neutral
perfecting art creating origami dull lecture origami mastery,neutral
That was a joyful experience,positive
melancholy whisper breeze silent conversation echo forgotten dream,negative
I hate how this turned out,negative
sharing love positive vibe everyone,positive
devastated heart ruin echo shattered dream reverberating chamber requiem whole,negative
frustration boil volcanic eruption emotion,neutral
pride accomplishing personal professional goal,positive
disappointed service local restaurant,negative
extending hand empathetic thread weaving tapestry understanding embracing joy sorrow others,neutral
melancholic symphony playing background soundtrack wistful heart,neutral
mesmerized cosmic dance firefly moonlit night,positive
exploring world virtual reality,neutral
drowning abyss despair heart shattered fragment lost echoing silence hopelessness,negative
admiration intricate detail handcrafted masterpiece,positive
embraced hopeful dawn gardener sowing seed optimism tending bloom brighter tomorrow,positive
The experience was wonderful,positive
organizing virtual talent show challenging time bringing smile classmate face,neutral
captivated ethereal beauty field filled firefly,positive
The result was disappointing,negative
anxiety grip chest relentless grip thought,negative
bitterness bitter chill air freezing moment icicle resentment dangle precariously landscape memory,negative
surrounded vibrant color flower garden gardener nurture blossom finding joy beauty nature ever changing canvas,positive
rejuvenated salty breeze sound wave seaside,positive
tenderness quiet moment shared pet,positive
awe struck breathtaking sunrise mountain,positive
darkness descends engulfing soul shadow despair,negative
shattered dream lie floor like fragment glass mosaic disappointment crafted hand frustration,negative
drifting day nonchalant demeanor embracing art indifference,neutral
ran snack movie marathon crisis level emergency movienightstruggles teenproblems,negative
I am worried about everything,negative
trying new study technique upcoming exam exploring different learning strategy,neutral
loneliness solitary moon starless sky casting cold glow landscape isolation echo bounce empty space,negative
world science breakthrough discovery unfolds pushing boundary knowledge opening new frontier exploration,neutral
surrounded color joy canvas painted laughter endless smile,positive
lost enchantment disneyland ride journey realm childhood fantasy,negative
accidentally walked wrong classroom first day classroom mix awkward start,negative
dance positivity every step rhythm uplifting soul harmony,neutral
helplessness engulfs drowning sea problem,negative
visited art gallery appreciating brushstrokes tell tale creativity art eternal companion artgallery seniorartlover,neutral
moment tenderness connecting loved one,positive
feeling blessed supportive community time need,positive
I feel positive and confident,positive
serenity found beauty sunset sea,positive
kindness witnessed today restored faith humanity,positive
The experiment uses three samples,neutral
enthusiasm diy home improvement project,positive
overwhelmed cacophony expectation drowning soul tempest pressure struggling stay afloat,negative
journeying serenity santorini sunset paint sky hue tranquility,positive
spent hour choosing perfect filter selfie struggle instagram aesthetic real selfiequeen teenvibes,negative
journeying serenity santorini sunset paint sky hue tranquility,positive
flipping page old yearbook nostalgia painting smile tear face,negative
experiencing hate comment expressing personal opinion online negativity prevails,negative
reflecting lifetime memory wrinkle tell story embracing beauty aging lifereflections beautyinaging,neutral
accidentally liked crush old photo stalking profile awkward level maximum,negative
draped warmth kindness quilt compassion stitched love,positive
dazzled elegance masquerade ball dazzling costume,positive
The library closes at eight,neutral
justin bieber concert infectious beat baby create dance floor unbridled enthusiasm,positive
fueled curiosity venturing uncharted realm fearless explorer mystery world,neutral
fuming anger heated argument,negative
The store opens at nine,neutral
midst soccer match unexpected goal creates moment despair player teammate console encourage,negative
This is the worst experience,negative
suffocating silence solitude echo laughter thrived,positive
contemplating life mystery starry night sky,neutral
embarked diy home decor project let hope turn better last time diyadventure teenhomedecor,positive
joined nature photography club capturing beauty great outdoors every click connection nature naturephotography seniorphotographer,neutral
feeling sense emptiness close friend move away farewell always sad,negative
overwhelmed grief missing loved one dearly,negative
amused antic playful kitten playtime,positive
cheering underdog basketball final crowd erupts applause team defies odds claim championship title,neutral
hopeful brighter tomorrow despite challenge,neutral
movie credit roll viewer experience mix awe contemplation pondering deeper meaning woven storyline,positive
whisper inspiration rustling leaf serene forest,positive
tenderness heartfelt message loved one,positive
ruin hope echo shattered dream whisper tale loss,negative
reflecting life journey grateful lesson learned,positive
I am thankful for the support,positive
feeling optimistic week ahead,neutral
justin bieber concert infectious beat baby create dance floor unbridled enthusiasm,positive
awe inspired grandeur ancient cathedral intricate architecture,positive
spent afternoon museum pretending cultured art enthusiast making museumday teenartlover,neutral
contentment simplicity quiet sunday,positive
jealousy poison thought resentment brewing within,negative
tenderness heartfelt message loved one,positive
I feel anxious about tomorrow,negative
awe struck beauty night sky,positive
I am enjoying my day,positive
I am proud of what I achieved,positive
accidentally walked wrong classroom first day classroom mix awkward start,negative
bitterness festering like venomous vine entwining soul web resentment poisoning garden peace,negative
engulfed aroma freshly brewed coffee writer find inspiration every sip embarking journey creativity prose,positive
overwhelmed grief missing loved one dearly,negative
embarking culinary adventure savoring exotic flavor around world,neutral
torn opposing emotion ambivalence color decision shade uncertainty,neutral
embracing ebb flow life finding acceptance dance existence,neutral
immersed soulful melody adele tear flow freely moved emotion hello,negative
spent hour choosing perfect filter selfie struggle instagram aesthetic real selfiequeen teenvibes,negative
This experience was awful,negative
new year new fitness goal,neutral
golf tournament golfer precision focus lead stunning victory leaving spectator awe exceptional skill,positive
darkness descends engulfing soul shadow despair,negative
I had a fantastic time,positive
I had a great experience,positive
ruin hope echo shattered dream whisper tale loss,negative
symphony laughter note key unlocking door boundless happiness,positive
This is the worst experience,negative
bittersweet emotion arise bidding farewell dear friend,neutral
series defeat soccer team face disappointment struggling find silver lining challenging season,negative
embracing acceptance life ups down,neutral
I feel peaceful and content,positive
attempting break school record longest handstand wish luck,neutral
successfully avoided eye contact crush hallway mission accomplished teencrush stealthmode,positive
rainy day call cozy blanket hot cocoa,positive
I feel wonderful and excited,positive
painful echo love cherished lost abyss time,negative
overflowing joy cup laughter shared friend moment cherished,positive
avoiding thorn regret walking barefoot path remorse,negative
arousal excitement much awaited trip,neutral
series defeat soccer team face disappointment struggling find silver lining challenging season,negative
surrounded vibrant color flower garden gardener nurture blossom finding joy beauty nature ever changing canvas,positive
admiration intricate detail handcrafted masterpiece,positive
successfully organized surprise birthday party friend party planning expert mode achieved,neutral
thrilled witness grandeur cultural festival,neutral
overwhelmed grief missing loved one dearly,negative
encountered mean spirited comment online dealing online hate never easy,negative
The event was amazing,positive
laughter echo air chorus happiness lift spirit higher,positive
awe struck grandeur ancient cathedral intricate architecture,positive
attempting impress teacher elaborate science experiment science geek mode activated,neutral
drowning despair hope slipping finger,neutral
The presentation is about artificial intelligence,neutral
weightlifter failed attempt personal record result frustration highlighting challenging nature pushing physical limit,negative
accidentally liked crush old photo stalking profile awkward level maximum,negative
The result is excellent,positive
floating cloud inspiration artist painting sky stroke creativity creating masterpiece dream,positive
feeling lonely saturday night sometimes solitude hit harder expected,negative
enthusiasm new artistic project work,positive
I am very unhappy today,negative
overjoyed warmth cozy fireplace winter evening,positive
feeling sense despair major project failure hard work not pay time,negative
I am unhappy with the outcome,negative
productive day ticking list,neutral
anxiety grip chest relentless grip thought,negative
despite meticulous training swimmer face disappointment split second miscalculation cost lead crucial race,negative
This ruined my day,negative
tried impress crush smooth conversation ended spilling drink smooth level nonexistent,neutral
sinking quicksand despair harder fight deeper descend,negative
started learning ballroom dancing gliding gracefully across dance floor ageless elegance every step ballroomdancing seniordancer,neutral
My friends made me happy,positive
lost labyrinth thought confusion casting shadow quest clarity,negative
moment tenderness connecting loved one,positive
The report was submitted today,neutral
victory team brought euphoria city,positive
compassion towards need holiday,positive
carnival emotion rollercoaster thrill sends heart wild ride,positive
tapestry despair thread hope unravel leaving portrait sorrow,negative
finished amazing workout,positive
euphoria flood final puzzle piece fit perfectly,positive
empowered make difference community,positive
empowered make difference community,positive
discovering hidden gem world documentary viewer enlightened inspired feeling renewed sense curiosity,positive
I feel positive and confident,positive
I loved every moment,positive
I am working from home today,neutral
kindness witnessed today restores faith humanity,positive
isolation deepens emotional winter warmth distant memory,neutral
I feel nervous and worried,negative
euphoria flood final puzzle piece click place,positive
exploring world coding debugging adventure codingjourney highschoolcoder,neutral
trying set new trend juggling textbook class academic juggling unique skill,neutral
bitterness bitter aftertaste lingering tongue word reminder wound refuse heal passing time,negative
drowning abyss despair heart shattered fragment lost echoing silence hopelessness,negative
captivated ethereal beauty field filled firefly,positive
I feel wonderful and excited,positive
I am very happy with this,positive
The report contains several tables,neutral
gratitude supportive community around,positive
captivated spellbinding plot twist audience applauds experiencing rollercoaster emotion movie premiere,positive
This ruined my day,negative
feeling sense fulfillment reaching milestone,positive
hosting sleepover friend weekend preparing night laughter memory,positive
embarked solo travel adventure discovering beauty new place pace solotravel seniorexplorer,neutral
amidst tulip field keukenhof tapestry color paint soul springtime joy,positive
joined school debate team word weapon ready battle,neutral
sharing love positive vibe everyone,positive
sense wonder vastness cosmos stargazing night,neutral
facing rejection dream college disheartened determined explore path,negative
I am satisfied with the result,positive
navigating river contentment serene boat cruise tranquil water inner peace acceptance,positive
avoiding thorn regret walking barefoot path remorse,negative
participating debate club enhance critical thinking communication skill intellectual engagement progress,neutral
staring clock class waiting bell ring like exciting event day classcountdown teenlife,neutral
feeling sense fear watching thriller movie,negative
carnival emotion rollercoaster thrill sends heart wild ride,positive
symphony laughter note key unlocking door boundless happiness,positive
dismissive gesture curtain drawn shield vulnerability stage emotion take backseat performance indifference,neutral
finding acceptance midst life challenge,neutral
participated community art class unleashing creativity golden year art no age limit artclass seniorartistry,neutral
navigating sea hope sailing towards sunrise possibility confident ship positive anticipation,positive
serenading star heart full gratitude melody thankfulness,positive
admiration intricate detail handcrafted masterpiece,positive
optimism bright future amidst challenging time,positive
contentment simplicity home cooked meal,positive
joined senior cycling club feeling wind hair freedom open road cyclingclub seniorcyclist,positive
embarked diy home decor project let hope turn better last time diyadventure teenhomedecor,positive
joined senior cycling club feeling wind hair freedom open road cyclingclub seniorcyclist,positive
got dressed day remembered saturday oops weekendvibes teenstruggles,neutral
I really enjoyed the experience,positive
sharing favorite book recommendation classmate building mini book club,neutral
I feel exhausted and stressed,negative
missing important event due unforeseen circumstance day filled sadness,negative
This was a beautiful experience,positive
experiencing cyberbullying hateful message online disheartening,negative
The event starts at seven,neutral
The experience was disappointing,negative
organizing movie marathon friend popcorn cinematic adventure await,neutral
The experience was disappointing,negative
achieving personal best track field competition thrill victory self improvement,positive
awash serenity sun set tranquil lakeside retreat,positive
I am excited to start,positive
elation surprise reunion old friend,positive
I am delighted with the outcome,positive
tear currency grief spent marketplace lost love longing,negative
frustrated attempt untangle knot confusion thread understanding slipping labyrinth miscommunication,neutral
This situation makes me unhappy,negative
The teacher explained the topic,neutral
I had a fantastic time,positive
drenched confetti katy perry concert kaleidoscope color igniting night sky,neutral
calmness prevails practice mindfulness,neutral
like withered rose garden love petal fall silent surrender time,positive
This made me sad,negative
attended jazz concert swayed rhythm timeless tune music constant companion golden year jazzconcert seniormusic,neutral
arousal excitement upcoming adventure,neutral
accidentally sent love letter wrong person love note fail maximum embarrassment,positive
tapestry despair thread hope unravel leaving portrait sorrow,negative
avoiding shard shattered dream walking tightrope resilience,negative
enthusiasm new artistic project work,positive
mesmerized cosmic dance firefly moonlit night,positive
serenading star heart full gratitude melody thankfulness,positive
My friends made me happy,positive
The conference begins in the morning,neutral
radiant joy akin blooming flower sun kissed spring morning,positive
This is an amazing day,positive
missing long anticipated event due unexpected circumstance day filled sadness,negative
My friends made me happy,positive
not believe injustice happening society,neutral
I am working on a new assignment,neutral
empathy lantern wandering dark alley sorrow illuminating path compassion care,neutral
wrapped cloak emotional numbness shield storm life turbulence,negative
soul crushing disappointment hope shattered like fragile glass,negative
I feel lonely tonight,negative
This ruined my day,negative
regret missed opportunity haunt thought,negative
gratitude small joy day brings,positive
facing defeat championship boxer reflects challenge vowing return stronger determined next bout,negative
wandering historical museum history enthusiast becomes immersed tale past envisioning bygone era,neutral
missing summer vibe beach day,neutral
tapestry despair thread hope unravel leaving portrait sorrow,negative
collaborating school project peer teamwork make dream work,neutral
revisiting old memory feeling sense elation,positive
enrolled dance class senior moving rhythm life age number dance floor danceclass seniordancer,neutral
tranquility kyoto bamboo forest whisper ancient zen wisdom echo grove,neutral
daydreaming upcoming prom dress dance fairytale making,neutral
soul adrift sea solitude wave loneliness crashing relentlessly,negative
melancholy lingers bittersweet serenade quietude solitude,negative
revisiting old photograph caught embrace nostalgia bittersweet symphony,neutral
enthusiasm creative project making,positive
sinking despair day darker last,negative
laughter key joy attending stand comedy show,positive
frustrated finger tapping keyboard symphony annoyance composing unsolvable puzzle unmet expectation,neutral
This is the worst experience,negative
labyrinth grief wall echo footstep lost joy,negative
darkness descends engulfing soul shadow despair,negative
I really dislike this,negative
front row adele concert note someone like resonates soul stirring emotion,neutral
celebrating milestone work,neutral
lost enchantment disneyland ride journey realm childhood fantasy,negative
witnessing heartwarming comeback hockey final fan share tear joy team secures historic victory adversity,positive
ran snack movie marathon crisis level emergency movienightstruggles teenproblems,negative
spark inspiration ignites like shooting star night sky,positive
boredom set day feel endlessly dull,negative
harmony resonates musician play symphony unity,neutral
finished amazing workout,positive
contentment midst family gathering filled laughter,positive
I feel positive and confident,positive
This made me sad,negative
Everything worked perfectly,positive
heart ruin remnant shattered dream scattered wind,negative
mesmerized cosmic dance firefly moonlit night,positive
I attended a technology conference,neutral
stumbling upon old journal nostalgia flooding wave carrying moment long gone,neutral
rainy day call cozy blanket hot cocoa,positive
I had a horrible experience,negative
wrapped cloak emotional numbness shield storm life turbulence,negative
intimidation challenge ahead fear take hold,negative
jealousy consumes witness others success,neutral
joined senior cycling club feeling wind hair freedom open road cyclingclub seniorcyclist,positive
confusion surround navigate life choice,neutral
I feel peaceful and content,positive
shame not true value difficult situation,neutral
hosting sleepover friend weekend preparing night laughter memory,positive
jealousy venom seeps vein poisoning heart turning breeding ground discontent,negative
trying new smoothie recipe healthy start week smoothie enthusiast level,neutral
summit machu picchu breathtaking panorama whisper secret ancient civilization,neutral
The project ended in failure,negative
captivated spellbinding plot twist audience applauds experiencing rollercoaster emotion movie premiere,positive
attending live music concert tonight,neutral
bitterness festering like venomous vine entwining soul web resentment poisoning garden peace,negative
swept away river regret current past refusing release,negative
envious eye fixated gilded prize heartache fueled painful desire possession seem forever reach,negative
garden contentment bloom whisper tale inner peace joy,positive
indifferent noise world silent observer midst life cacophony,neutral
tried magic trick impress classmate magic fail rabbit go,neutral
exploring vibrant street art cultural neighborhood mural tell story infusing city creativity expression,neutral
building time capsule capture memory future time traveling emotion,neutral
The failure was frustrating,negative
bathed golden hue gratefulness sunset appreciation casting warm glow landscape heart,neutral
practicing stand comedy routine upcoming talent show comedy gig making,neutral
reverence artistry displayed museum,neutral
The event was amazing,positive
immersed soulful melody adele tear flow freely moved emotion hello,negative
wandering cemetery lost dream tombstone marking untold sorrow,negative
soul weathered storm heartbreak seeking refuge calm,neutral
feeling empowered conquering challenging hiking trail,positive
compassionate cloud heavy care showering empathy parched ground human suffering,neutral
tear fall like raindrop mourning end cherished friendship,negative
I feel frustrated and angry,negative
The movie was excellent and enjoyable,positive
inspiration strike observing color vibrant sunset,positive
I had a fantastic time,positive
tranquil moment ocean serenity washing peaceful retreat within wave embrace,positive
I am writing notes for the class,neutral
I feel wonderful and excited,positive
late night gaming session friend,neutral
The result made me very happy,positive
boredom lingers stagnant pool indifference,negative
tennis grand slam fierce rivalry unfolds captivating fan display skill sportsmanship world stage,neutral
exploring universe within mindful meditation session,neutral
inspiration strike observing color vibrant sunset,positive
The result was disappointing,negative
joyful laughter resonates lively summer carnival,positive
compassion shown act kindness community,positive
embarking spontaneous road trip traveler discovers hidden gem creating memory cherished lifetime,neutral
admiration intricate detail handcrafted masterpiece,positive
started photography club school capturing moment one snapshot time,neutral
painful echo love cherished lost abyss time,negative
torn conflicting emotion ambivalence paint decision shade uncertainty,neutral
attending virtual reality meetup,neutral
captivated ethereal beauty field filled firefly,positive
pride achieving personal milestone career progression,positive
I hate how this turned out,negative
torn apart grief echo loss reverberate soul,negative
arousal excitement await special announcement,neutral
volunteering local charity event give back community contributing social cause,neutral
I am angry about what happened,negative
disappointed lack progress personal project,negative
sinking quicksand despair harder fight deeper descend,negative
embarking journey discovery fueled curiosity thirst knowledge,neutral
basking golden glow contentment serene river flowing landscape heart,positive
confusion reign try make sense recent event,neutral
attending school assembly stay informed upcoming event announcement staying connected school activity,neutral
The package arrived this afternoon,neutral
like withered rose garden love petal fall silent surrender time,positive
joyful reunion long lost friend year separation,neutral
floating cloud gratitude raindrop blessing shower thankfulness,positive
feeling sense despair major project failure hard work not pay time,negative
elation surprise reunion childhood friend,positive
I am excited to start,positive
This is the worst experience,negative
The course includes programming exercises,neutral
suffering despair another setback,negative
astronomy observatory stargazer marvel vastness cosmos contemplating mystery hidden within celestial expanse,neutral
reverence wonder nature hiking trail,neutral
lost vast sea information indifferent wave digital ocean,negative
calmness found rhythm raindrop windowpane,neutral
numb chaos emotion locked away stoic facade concealing inner turmoil,negative
relishing peaceful afternoon classic novel quiet moment best moment booklover peacefulafternoon,positive
feeling sense fear watching thriller movie,negative
yearning warmth vanished sun heartache painted hue sunset never graced horizon,positive
I regret my decision,negative
soul crushing disappointment hope shattered like fragile glass,negative
This situation is awful,negative
contentment embrace loved one,positive
dealing unfounded rumor circulating personal life rumor hurtful,neutral
This is a terrible day,negative
